{"count":1,"gauges":{"CarParker.CumulativeReward":{"count":3,"max":4.8793993,"min":4.809798,"value":4.85459852,"weightedAverage":4.83404827}},"self":46.4791264,"total":49.469798,"children":{"AgentSendState":{"count":2407,"self":0.4756468,"total":2.7451233999999998,"children":{"CollectObservations":{"count":7230,"self":0.047949,"total":0.047949,"children":null},"CollectDiscreteActionMasks":{"count":7230,"self":0.0429963,"total":0.0429963,"children":null},"RayPerceptionSensor.Perceive":{"count":28920,"self":2.1785312,"total":2.1785313,"children":null}}},"DecideAction":{"count":2407,"self":0.0219723,"total":0.0219723,"children":null},"AgentAct":{"count":2407,"self":0.22057659999999998,"total":0.22057659999999998,"children":null},"RayPerceptionSensor.Perceive":{"count":12,"self":0.001,"total":0.001,"children":null}}}