{"count":1,"gauges":{"CarParker.CumulativeReward":{"count":12,"max":4.9536,"min":-0.348801374,"value":-0.218999982,"weightedAverage":2.71220374}},"self":75.8521408,"total":79.3298725,"children":{"AgentSendState":{"count":3943,"self":0.1750186,"total":0.18800909999999998,"children":{"CollectObservations":{"count":789,"self":0.0099925,"total":0.0099925,"children":null},"CollectDiscreteActionMasks":{"count":789,"self":0.002998,"total":0.002998,"children":null}}},"DecideAction":{"count":3943,"self":2.6784415999999998,"total":3.1496429,"children":{"RayPerceptionSensor.Perceive":{"count":3156,"self":0.4712012,"total":0.4712012,"children":null}}},"AgentAct":{"count":3943,"self":0.13808399999999998,"total":0.13808399999999998,"children":null}}}