{"count":1,"gauges":{"CarParker.CumulativeReward":{"count":15,"max":4.969,"min":4.3246026,"value":4.9308,"weightedAverage":4.77771664}},"self":144.1333248,"total":243.97452059999998,"children":{"AgentSendState":{"count":12174,"self":0.6491615,"total":0.7359646,"children":{"CollectObservations":{"count":2435,"self":0.0474659,"total":0.0474659,"children":null},"CollectDiscreteActionMasks":{"count":2435,"self":0.039337199999999996,"total":0.039337199999999996,"children":null}}},"DecideAction":{"count":12174,"self":18.6354144,"total":98.6571336,"children":{"RayPerceptionSensor.Perceive":{"count":9740,"self":80.021721599999992,"total":80.0217194,"children":null}}},"AgentAct":{"count":12174,"self":0.4470766,"total":0.4470766,"children":null}}}