{"count":1,"gauges":{"CarParker.CumulativeReward":{"count":72,"max":4.9702,"min":-1.19996631,"value":-1.19996631,"weightedAverage":3.33706737}},"self":101.1111744,"total":115.9923867,"children":{"AgentSendState":{"count":5743,"self":0.92314789999999991,"total":1.2709314999999999,"children":{"CollectObservations":{"count":13788,"self":0.18790559999999998,"total":0.18790559999999998,"children":null},"CollectDiscreteActionMasks":{"count":13788,"self":0.159878,"total":0.159878,"children":null}}},"DecideAction":{"count":5743,"self":6.3045256,"total":12.9236893,"children":{"RayPerceptionSensor.Perceive":{"count":55152,"self":6.619164,"total":6.6191638999999993,"children":null}}},"AgentAct":{"count":5743,"self":0.6835735,"total":0.6835735,"children":null}}}