{"count":1,"gauges":{},"self":0.2398623,"total":0.24086259999999998,"children":null}