{"count":1,"gauges":{},"self":24.344894399999998,"total":25.523265799999997,"children":{"AgentSendState":{"count":1229,"self":0.2262391,"total":1.0084800999999999,"children":{"CollectObservations":{"count":3936,"self":0.0329754,"total":0.0329754,"children":null},"CollectDiscreteActionMasks":{"count":3936,"self":0.0280393,"total":0.0280393,"children":null},"RayPerceptionSensor.Perceive":{"count":7872,"self":0.7212263,"total":0.7212263,"children":null}}},"DecideAction":{"count":1229,"self":0.0169834,"total":0.0169834,"children":null},"AgentAct":{"count":1229,"self":0.1519081,"total":0.1519081,"children":null}}}