{"count":1,"gauges":{"CarParker.CumulativeReward":{"count":3034,"max":5,"min":-1.00005352,"value":-1.00005352,"weightedAverage":-1.00005341}},"self":21125.9981824,"total":31487.6184249,"children":{"AgentSendState":{"count":1798551,"self":360.68144639999997,"total":3483.8270061,"children":{"CollectObservations":{"count":5755376,"self":49.864252799999996,"total":49.864252799999996,"children":null},"CollectDiscreteActionMasks":{"count":5755376,"self":45.9568832,"total":45.956881599999996,"children":null},"AgentInfo.ToProto":{"count":5755376,"self":142.9609856,"total":3027.3244156,"children":{"GenerateSensorData":{"count":5755376,"self":636.3887616,"total":2884.3634334,"children":{"RayPerceptionSensor.Perceive":{"count":23021504,"self":2247.9747072,"total":2247.9746692,"children":null}}}}}}},"DecideAction":{"count":1798551,"self":6624.110592,"total":6624.1107103999993,"children":null},"AgentAct":{"count":1798551,"self":251.71660799999998,"total":253.5346098,"children":{"AgentInfo.ToProto":{"count":2796,"self":0.080953799999999992,"total":1.8180011999999999,"children":{"GenerateSensorData":{"count":2796,"self":0.4067722,"total":1.7370474,"children":{"RayPerceptionSensor.Perceive":{"count":11184,"self":1.3302752,"total":1.3302752,"children":null}}}}}}},"AgentInfo.ToProto":{"count":238,"self":0.0129917,"total":0.14509819999999998,"children":{"GenerateSensorData":{"count":238,"self":0.0339924,"total":0.1321065,"children":{"RayPerceptionSensor.Perceive":{"count":952,"self":0.0981141,"total":0.0981141,"children":null}}}}}}}