{"count":1,"gauges":{"CarParker.CumulativeReward":{"count":1,"max":0.8017978,"min":0.8017978,"value":0.8017978,"weightedAverage":0.8017978}},"self":21.498718399999998,"total":22.4141601,"children":{"AgentSendState":{"count":1074,"self":0.171933,"total":0.7664899,"children":{"CollectObservations":{"count":3440,"self":0.018986299999999998,"total":0.018986299999999998,"children":null},"CollectDiscreteActionMasks":{"count":3440,"self":0.011981799999999999,"total":0.011981799999999999,"children":null},"RayPerceptionSensor.Perceive":{"count":6880,"self":0.5635888,"total":0.5635888,"children":null}}},"DecideAction":{"count":1074,"self":0.017990199999999998,"total":0.017990199999999998,"children":null},"AgentAct":{"count":1074,"self":0.1279642,"total":0.1279642,"children":null},"RayPerceptionSensor.Perceive":{"count":2,"self":0.0009993,"total":0.0009993,"children":null}}}