Steps,Policy/Entropy,Policy/Extrinsic Value Estimate,Losses/Value Loss,Losses/Policy Loss,Policy/Learning Rate,Environment/Cumulative Reward,Environment/Episode Length,Policy/Extrinsic Reward
60000,1.4319445,-0.15500301,0.0008891952,0.07094842,0.0002990327,-0.8635460873928633,925.4423076923077,-0.8635461936489894
120000,1.4603463,-0.0883454,0.00050092075,0.06854325,0.00029730098,-0.9131845475161054,959.276923076923,-0.9131846574636606
180000,1.5272555,-0.10405694,0.00021533106,0.06462339,0.00029550414,-0.9838507243375283,983.984126984127,-0.9838508379364771
