{
    "name": "root",
    "total": 8.6703276,
    "count": 1,
    "self": 0.861767200000001,
    "children": {
        "run_training.setup": {
            "total": 4.3070501,
            "count": 1,
            "self": 4.3070501
        },
        "TrainerController.start_learning": {
            "total": 3.5015102999999996,
            "count": 1,
            "self": 0.9190375000000017,
            "children": {
                "TrainerController._reset_env": {
                    "total": 2.582303099999999,
                    "count": 1,
                    "self": 2.582303099999999
                },
                "demo_to_buffer": {
                    "total": 0.00016969999999894014,
                    "count": 1,
                    "self": 1.4299999998357293e-05,
                    "children": {
                        "load_demonstration": {
                            "total": 0.00015540000000058285,
                            "count": 1,
                            "self": 0.00015540000000058285
                        }
                    }
                }
            }
        }
    }
}