Steps,Policy/Entropy,Environment/Cumulative Reward,Environment/Episode Length,Policy/Extrinsic Value Estimate,Policy/Extrinsic Reward,Losses/Value Loss,Losses/Policy Loss,Policy/Learning Rate
60000,0.0,-1.0,9.601694915254237,-0.9087978,-1.0,0.013087171,0.06904728,0.0002954582
120000,0.0,-1.0,9.599576271186441,-0.953289,-1.0,2.423227e-05,0.06796975,0.0002865384
180000,0.0,-1.0,9.599576271186441,-0.95298225,-1.0,2.4942621e-05,0.06699007,0.00027745625
240000,0.0,-1.0,9.600849256900212,-0.95302147,-1.0,3.2638603e-05,0.0693364,0.00026853642
