Steps,Policy/Entropy,Policy/Extrinsic Value Estimate,Losses/Value Loss,Losses/Policy Loss,Policy/Learning Rate,Environment/Cumulative Reward,Environment/Episode Length,Policy/Extrinsic Reward
60000,1.8804196,-0.008420548,0.00048852264,0.070355006,0.0002954496,-0.9999999310821295,984.0,-1.0000000447034836
120000,1.7882124,-0.08201211,2.1319926e-05,0.06740264,0.000286752,-0.9999999310821295,984.0,-1.0000000447034836
180000,1.6821628,-0.098591685,0.0002434494,0.07369604,0.0002773653,-0.9694430092600389,969.0615384615385,-0.9694431213232187
240000,1.6290919,-0.10094695,0.00020292994,0.06982293,0.00026832765,-0.9738522396221434,973.4307692307692,-0.9738523522248634
